allele,t=0,t=1,t=2,t=3,t=4,t=5,t=6,t=7,t=8,t=9,t=10
IGFG,0.6151471279749999,0.6423437830787517,0.6573340622493673,0.671769911014042,0.685656336632204,0.6990010481992708,0.7118139911287746,0.7241069265621978,0.7358930561722925,0.7471866913166132,0.7580029644302774
VGFG,0.062133504150000005,0.06052061451141888,0.05783558297171393,0.055254549841564575,0.052776335474111785,0.050399270846781724,0.04812128559403521,0.04593998711185288,0.04385273075192851,0.04185668139352021,0.03994886686793743
VGFA,0.09511718975,0.0929911798769033,0.0892343601222026,0.08564248926222512,0.08220966119405405,0.07892980579650932,0.07579677081762747,0.07280439098481516,0.0699465453710721,0.06721720416614774,0.06461046604190114
VAYG,0.209015390175,0.204144422532926,0.19559599465671618,0.18733304988216817,0.17935766669962994,0.17166987515743803,0.1642679524595626,0.15714869534113404,0.15030766770470683,0.14373942312371862,0.13743770265988378
